iso,H2,AX(CDD)
Ar40,3.76197,3.83200
Ar38,3.76197,3.79193
PHHCl,3.76197,3.79305
Ar38H,3.76197,3.79614
PHHCbs,3.76197,3.80856
